session_id,date,device_type,region,funnel_stage
0,2025-01-01 00:00:00,desktop,SPb,visit
1,2025-01-01 01:00:00,tablet,Moscow,visit
2,2025-01-01 02:00:00,mobile,Other,paid
3,2025-01-01 03:00:00,mobile,Moscow,visit
4,2025-01-01 04:00:00,desktop,Other,visit
5,2025-01-01 05:00:00,desktop,Moscow,cart
6,2025-01-01 06:00:00,desktop,Moscow,visit
7,2025-01-01 07:00:00,mobile,Other,cart
8,2025-01-01 08:00:00,mobile,SPb,visit
9,2025-01-01 09:00:00,mobile,Moscow,visit
10,2025-01-01 10:00:00,desktop,SPb,visit
11,2025-01-01 11:00:00,tablet,Other,visit
12,2025-01-01 12:00:00,mobile,Other,paid
13,2025-01-01 13:00:00,desktop,SPb,visit
14,2025-01-01 14:00:00,desktop,Moscow,visit
15,2025-01-01 15:00:00,desktop,Other,visit
16,2025-01-01 16:00:00,desktop,SPb,visit
17,2025-01-01 17:00:00,mobile,Moscow,cart
18,2025-01-01 18:00:00,desktop,Other,visit
19,2025-01-01 19:00:00,desktop,SPb,visit
20,2025-01-01 20:00:00,mobile,Moscow,paid
21,2025-01-01 21:00:00,desktop,SPb,visit
22,2025-01-01 22:00:00,desktop,Other,paid
23,2025-01-01 23:00:00,desktop,Other,visit
24,2025-01-02 00:00:00,desktop,Other,visit
25,2025-01-02 01:00:00,mobile,Moscow,visit
26,2025-01-02 02:00:00,desktop,Other,cart
27,2025-01-02 03:00:00,mobile,Other,paid
28,2025-01-02 04:00:00,mobile,SPb,visit
29,2025-01-02 05:00:00,desktop,Other,visit
30,2025-01-02 06:00:00,mobile,SPb,visit
31,2025-01-02 07:00:00,desktop,Moscow,visit
32,2025-01-02 08:00:00,desktop,SPb,visit
33,2025-01-02 09:00:00,tablet,SPb,paid
34,2025-01-02 10:00:00,tablet,SPb,visit
35,2025-01-02 11:00:00,mobile,Moscow,visit
36,2025-01-02 12:00:00,desktop,SPb,visit
37,2025-01-02 13:00:00,desktop,Moscow,visit
38,2025-01-02 14:00:00,mobile,SPb,visit
39,2025-01-02 15:00:00,desktop,SPb,visit
40,2025-01-02 16:00:00,desktop,Moscow,cart
41,2025-01-02 17:00:00,desktop,Moscow,visit
42,2025-01-02 18:00:00,desktop,SPb,visit
43,2025-01-02 19:00:00,tablet,Moscow,visit
44,2025-01-02 20:00:00,desktop,Other,cart
45,2025-01-02 21:00:00,mobile,Moscow,cart
46,2025-01-02 22:00:00,desktop,SPb,visit
47,2025-01-02 23:00:00,mobile,SPb,cart
48,2025-01-03 00:00:00,mobile,Other,visit
49,2025-01-03 01:00:00,desktop,SPb,visit
50,2025-01-03 02:00:00,tablet,Other,visit
51,2025-01-03 03:00:00,mobile,Moscow,visit
52,2025-01-03 04:00:00,tablet,Other,visit
53,2025-01-03 05:00:00,mobile,Moscow,paid
54,2025-01-03 06:00:00,mobile,Other,cart
55,2025-01-03 07:00:00,tablet,SPb,visit
56,2025-01-03 08:00:00,desktop,Moscow,visit
57,2025-01-03 09:00:00,desktop,Moscow,visit
58,2025-01-03 10:00:00,desktop,Moscow,visit
59,2025-01-03 11:00:00,desktop,Moscow,visit
60,2025-01-03 12:00:00,desktop,Other,visit
61,2025-01-03 13:00:00,desktop,Other,visit
62,2025-01-03 14:00:00,mobile,Moscow,cart
63,2025-01-03 15:00:00,desktop,Moscow,visit
64,2025-01-03 16:00:00,desktop,Moscow,visit
65,2025-01-03 17:00:00,mobile,Moscow,cart
66,2025-01-03 18:00:00,desktop,SPb,visit
67,2025-01-03 19:00:00,mobile,SPb,visit
68,2025-01-03 20:00:00,desktop,SPb,visit
69,2025-01-03 21:00:00,tablet,SPb,visit
70,2025-01-03 22:00:00,mobile,SPb,cart
71,2025-01-03 23:00:00,desktop,SPb,visit
72,2025-01-04 00:00:00,desktop,SPb,visit
73,2025-01-04 01:00:00,mobile,SPb,cart
74,2025-01-04 02:00:00,mobile,Other,cart
75,2025-01-04 03:00:00,mobile,Moscow,cart
76,2025-01-04 04:00:00,mobile,SPb,visit
77,2025-01-04 05:00:00,desktop,Moscow,visit
78,2025-01-04 06:00:00,desktop,SPb,paid
79,2025-01-04 07:00:00,desktop,Other,cart
80,2025-01-04 08:00:00,mobile,Moscow,visit
81,2025-01-04 09:00:00,mobile,SPb,visit
82,2025-01-04 10:00:00,desktop,Moscow,visit
83,2025-01-04 11:00:00,desktop,Other,paid
84,2025-01-04 12:00:00,desktop,Other,visit
85,2025-01-04 13:00:00,desktop,Moscow,visit
86,2025-01-04 14:00:00,mobile,Moscow,visit
87,2025-01-04 15:00:00,mobile,SPb,visit
88,2025-01-04 16:00:00,mobile,Other,cart
89,2025-01-04 17:00:00,desktop,SPb,visit
90,2025-01-04 18:00:00,desktop,Other,cart
91,2025-01-04 19:00:00,mobile,Moscow,paid
92,2025-01-04 20:00:00,mobile,Moscow,visit
93,2025-01-04 21:00:00,mobile,Moscow,visit
94,2025-01-04 22:00:00,mobile,SPb,visit
95,2025-01-04 23:00:00,desktop,SPb,cart
96,2025-01-05 00:00:00,mobile,SPb,visit
97,2025-01-05 01:00:00,desktop,SPb,visit
98,2025-01-05 02:00:00,desktop,Moscow,cart
99,2025-01-05 03:00:00,desktop,SPb,visit
100,2025-01-05 04:00:00,desktop,SPb,paid
101,2025-01-05 05:00:00,mobile,Other,visit
102,2025-01-05 06:00:00,desktop,Other,visit
103,2025-01-05 07:00:00,mobile,Other,visit
104,2025-01-05 08:00:00,tablet,Other,cart
105,2025-01-05 09:00:00,desktop,SPb,visit
106,2025-01-05 10:00:00,desktop,SPb,cart
107,2025-01-05 11:00:00,mobile,Moscow,paid
108,2025-01-05 12:00:00,desktop,Moscow,visit
109,2025-01-05 13:00:00,desktop,SPb,paid
110,2025-01-05 14:00:00,desktop,Other,visit
111,2025-01-05 15:00:00,desktop,SPb,visit
112,2025-01-05 16:00:00,tablet,SPb,visit
113,2025-01-05 17:00:00,mobile,Moscow,cart
114,2025-01-05 18:00:00,mobile,Moscow,visit
115,2025-01-05 19:00:00,mobile,Moscow,visit
116,2025-01-05 20:00:00,mobile,SPb,visit
117,2025-01-05 21:00:00,desktop,Other,visit
118,2025-01-05 22:00:00,mobile,SPb,visit
119,2025-01-05 23:00:00,mobile,SPb,cart
120,2025-01-06 00:00:00,mobile,Other,cart
121,2025-01-06 01:00:00,mobile,Other,visit
122,2025-01-06 02:00:00,desktop,Other,paid
123,2025-01-06 03:00:00,desktop,Other,visit
124,2025-01-06 04:00:00,desktop,Moscow,paid
125,2025-01-06 05:00:00,desktop,Moscow,visit
126,2025-01-06 06:00:00,mobile,SPb,visit
127,2025-01-06 07:00:00,mobile,Moscow,visit
128,2025-01-06 08:00:00,desktop,SPb,cart
129,2025-01-06 09:00:00,mobile,SPb,visit
130,2025-01-06 10:00:00,desktop,Moscow,visit
131,2025-01-06 11:00:00,desktop,Moscow,visit
132,2025-01-06 12:00:00,desktop,SPb,visit
133,2025-01-06 13:00:00,desktop,SPb,visit
134,2025-01-06 14:00:00,tablet,Moscow,cart
135,2025-01-06 15:00:00,desktop,SPb,cart
136,2025-01-06 16:00:00,mobile,Other,visit
137,2025-01-06 17:00:00,mobile,Moscow,cart
138,2025-01-06 18:00:00,desktop,Moscow,visit
139,2025-01-06 19:00:00,tablet,Moscow,cart
140,2025-01-06 20:00:00,tablet,Other,cart
141,2025-01-06 21:00:00,desktop,SPb,visit
142,2025-01-06 22:00:00,desktop,Moscow,cart
143,2025-01-06 23:00:00,desktop,Moscow,visit
144,2025-01-07 00:00:00,desktop,SPb,visit
145,2025-01-07 01:00:00,desktop,Other,cart
146,2025-01-07 02:00:00,mobile,Moscow,visit
147,2025-01-07 03:00:00,mobile,Moscow,visit
148,2025-01-07 04:00:00,desktop,Other,visit
149,2025-01-07 05:00:00,desktop,Other,cart
150,2025-01-07 06:00:00,tablet,Moscow,visit
151,2025-01-07 07:00:00,desktop,Other,visit
152,2025-01-07 08:00:00,desktop,Moscow,cart
153,2025-01-07 09:00:00,desktop,Moscow,cart
154,2025-01-07 10:00:00,tablet,Moscow,visit
155,2025-01-07 11:00:00,desktop,Moscow,visit
156,2025-01-07 12:00:00,mobile,SPb,visit
157,2025-01-07 13:00:00,mobile,Other,visit
158,2025-01-07 14:00:00,desktop,Other,visit
159,2025-01-07 15:00:00,mobile,SPb,cart
160,2025-01-07 16:00:00,desktop,Other,visit
161,2025-01-07 17:00:00,mobile,SPb,visit
162,2025-01-07 18:00:00,mobile,SPb,visit
163,2025-01-07 19:00:00,mobile,Moscow,cart
164,2025-01-07 20:00:00,desktop,SPb,visit
165,2025-01-07 21:00:00,mobile,Other,paid
166,2025-01-07 22:00:00,desktop,Other,visit
167,2025-01-07 23:00:00,desktop,Moscow,visit
168,2025-01-08 00:00:00,desktop,SPb,visit
169,2025-01-08 01:00:00,mobile,SPb,visit
170,2025-01-08 02:00:00,mobile,Moscow,visit
171,2025-01-08 03:00:00,desktop,Other,visit
172,2025-01-08 04:00:00,mobile,Moscow,visit
173,2025-01-08 05:00:00,desktop,SPb,cart
174,2025-01-08 06:00:00,mobile,Moscow,visit
175,2025-01-08 07:00:00,desktop,Moscow,cart
176,2025-01-08 08:00:00,mobile,Moscow,visit
177,2025-01-08 09:00:00,desktop,SPb,visit
178,2025-01-08 10:00:00,tablet,Moscow,visit
179,2025-01-08 11:00:00,desktop,Moscow,visit
180,2025-01-08 12:00:00,desktop,Other,visit
181,2025-01-08 13:00:00,desktop,SPb,visit
182,2025-01-08 14:00:00,tablet,Moscow,visit
183,2025-01-08 15:00:00,mobile,Other,visit
184,2025-01-08 16:00:00,desktop,SPb,visit
185,2025-01-08 17:00:00,mobile,Other,paid
186,2025-01-08 18:00:00,mobile,Moscow,cart
187,2025-01-08 19:00:00,mobile,SPb,cart
188,2025-01-08 20:00:00,mobile,SPb,cart
189,2025-01-08 21:00:00,desktop,Moscow,visit
190,2025-01-08 22:00:00,desktop,SPb,visit
191,2025-01-08 23:00:00,mobile,Moscow,paid
192,2025-01-09 00:00:00,tablet,SPb,visit
193,2025-01-09 01:00:00,mobile,Moscow,visit
194,2025-01-09 02:00:00,desktop,SPb,visit
195,2025-01-09 03:00:00,desktop,Other,visit
196,2025-01-09 04:00:00,mobile,Other,visit
197,2025-01-09 05:00:00,mobile,Other,cart
198,2025-01-09 06:00:00,mobile,Moscow,visit
199,2025-01-09 07:00:00,mobile,SPb,visit
200,2025-01-09 08:00:00,mobile,Moscow,paid
201,2025-01-09 09:00:00,desktop,SPb,visit
202,2025-01-09 10:00:00,desktop,SPb,visit
203,2025-01-09 11:00:00,mobile,SPb,visit
204,2025-01-09 12:00:00,mobile,Moscow,cart
205,2025-01-09 13:00:00,desktop,Moscow,paid
206,2025-01-09 14:00:00,desktop,Moscow,visit
207,2025-01-09 15:00:00,mobile,Moscow,cart
208,2025-01-09 16:00:00,desktop,SPb,visit
209,2025-01-09 17:00:00,desktop,Other,paid
210,2025-01-09 18:00:00,mobile,Moscow,cart
211,2025-01-09 19:00:00,mobile,Moscow,cart
212,2025-01-09 20:00:00,mobile,SPb,visit
213,2025-01-09 21:00:00,desktop,Moscow,paid
214,2025-01-09 22:00:00,mobile,Moscow,cart
215,2025-01-09 23:00:00,desktop,SPb,visit
216,2025-01-10 00:00:00,desktop,SPb,cart
217,2025-01-10 01:00:00,mobile,Moscow,visit
218,2025-01-10 02:00:00,mobile,Moscow,cart
219,2025-01-10 03:00:00,mobile,SPb,visit
220,2025-01-10 04:00:00,mobile,Other,cart
221,2025-01-10 05:00:00,mobile,SPb,visit
222,2025-01-10 06:00:00,desktop,Moscow,visit
223,2025-01-10 07:00:00,desktop,Other,visit
224,2025-01-10 08:00:00,desktop,Moscow,visit
225,2025-01-10 09:00:00,desktop,Moscow,visit
226,2025-01-10 10:00:00,tablet,SPb,visit
227,2025-01-10 11:00:00,desktop,SPb,visit
228,2025-01-10 12:00:00,mobile,Other,visit
229,2025-01-10 13:00:00,mobile,Moscow,visit
230,2025-01-10 14:00:00,mobile,Other,cart
231,2025-01-10 15:00:00,mobile,SPb,visit
232,2025-01-10 16:00:00,mobile,SPb,paid
233,2025-01-10 17:00:00,desktop,SPb,cart
234,2025-01-10 18:00:00,desktop,Moscow,visit
235,2025-01-10 19:00:00,mobile,SPb,visit
236,2025-01-10 20:00:00,desktop,Other,cart
237,2025-01-10 21:00:00,desktop,Moscow,visit
238,2025-01-10 22:00:00,mobile,Other,visit
239,2025-01-10 23:00:00,desktop,SPb,visit
240,2025-01-11 00:00:00,tablet,Other,cart
241,2025-01-11 01:00:00,tablet,Moscow,visit
242,2025-01-11 02:00:00,tablet,Moscow,visit
243,2025-01-11 03:00:00,desktop,Other,paid
244,2025-01-11 04:00:00,desktop,Moscow,cart
245,2025-01-11 05:00:00,tablet,Moscow,visit
246,2025-01-11 06:00:00,desktop,SPb,visit
247,2025-01-11 07:00:00,tablet,SPb,cart
248,2025-01-11 08:00:00,tablet,Other,visit
249,2025-01-11 09:00:00,mobile,Moscow,visit
250,2025-01-11 10:00:00,desktop,Moscow,visit
251,2025-01-11 11:00:00,desktop,Moscow,paid
252,2025-01-11 12:00:00,mobile,SPb,visit
253,2025-01-11 13:00:00,desktop,SPb,cart
254,2025-01-11 14:00:00,desktop,Moscow,cart
255,2025-01-11 15:00:00,mobile,Moscow,visit
256,2025-01-11 16:00:00,tablet,SPb,visit
257,2025-01-11 17:00:00,mobile,Moscow,visit
258,2025-01-11 18:00:00,mobile,SPb,visit
259,2025-01-11 19:00:00,desktop,Moscow,visit
260,2025-01-11 20:00:00,mobile,SPb,cart
261,2025-01-11 21:00:00,tablet,Moscow,visit
262,2025-01-11 22:00:00,desktop,SPb,cart
263,2025-01-11 23:00:00,mobile,Moscow,visit
264,2025-01-12 00:00:00,mobile,SPb,visit
265,2025-01-12 01:00:00,mobile,SPb,visit
266,2025-01-12 02:00:00,mobile,SPb,visit
267,2025-01-12 03:00:00,mobile,Moscow,cart
268,2025-01-12 04:00:00,desktop,Moscow,visit
269,2025-01-12 05:00:00,desktop,SPb,visit
270,2025-01-12 06:00:00,mobile,Moscow,visit
271,2025-01-12 07:00:00,mobile,Other,visit
272,2025-01-12 08:00:00,mobile,Moscow,visit
273,2025-01-12 09:00:00,tablet,SPb,visit
274,2025-01-12 10:00:00,mobile,Moscow,paid
275,2025-01-12 11:00:00,mobile,SPb,visit
276,2025-01-12 12:00:00,mobile,SPb,cart
277,2025-01-12 13:00:00,mobile,Other,visit
278,2025-01-12 14:00:00,mobile,SPb,visit
279,2025-01-12 15:00:00,mobile,Moscow,visit
280,2025-01-12 16:00:00,mobile,Moscow,visit
281,2025-01-12 17:00:00,desktop,Moscow,visit
282,2025-01-12 18:00:00,desktop,Moscow,visit
283,2025-01-12 19:00:00,desktop,SPb,visit
284,2025-01-12 20:00:00,mobile,SPb,visit
285,2025-01-12 21:00:00,desktop,Moscow,visit
286,2025-01-12 22:00:00,desktop,SPb,paid
287,2025-01-12 23:00:00,mobile,SPb,visit
288,2025-01-13 00:00:00,desktop,SPb,visit
289,2025-01-13 01:00:00,mobile,SPb,visit
290,2025-01-13 02:00:00,desktop,SPb,visit
291,2025-01-13 03:00:00,desktop,SPb,visit
292,2025-01-13 04:00:00,mobile,Moscow,visit
293,2025-01-13 05:00:00,desktop,Moscow,visit
294,2025-01-13 06:00:00,desktop,Other,visit
295,2025-01-13 07:00:00,mobile,SPb,visit
296,2025-01-13 08:00:00,mobile,SPb,visit
297,2025-01-13 09:00:00,desktop,SPb,visit
298,2025-01-13 10:00:00,mobile,Moscow,visit
299,2025-01-13 11:00:00,desktop,Moscow,visit
300,2025-01-13 12:00:00,desktop,SPb,cart
301,2025-01-13 13:00:00,mobile,Other,visit
302,2025-01-13 14:00:00,mobile,SPb,visit
303,2025-01-13 15:00:00,mobile,Moscow,visit
304,2025-01-13 16:00:00,mobile,Moscow,paid
305,2025-01-13 17:00:00,tablet,Other,visit
306,2025-01-13 18:00:00,mobile,Moscow,visit
307,2025-01-13 19:00:00,desktop,Other,visit
308,2025-01-13 20:00:00,mobile,SPb,visit
309,2025-01-13 21:00:00,desktop,Other,visit
310,2025-01-13 22:00:00,desktop,SPb,visit
311,2025-01-13 23:00:00,desktop,Other,cart
312,2025-01-14 00:00:00,desktop,Moscow,visit
313,2025-01-14 01:00:00,tablet,Other,cart
314,2025-01-14 02:00:00,mobile,Moscow,paid
315,2025-01-14 03:00:00,mobile,Moscow,visit
316,2025-01-14 04:00:00,desktop,Moscow,visit
317,2025-01-14 05:00:00,desktop,Moscow,visit
318,2025-01-14 06:00:00,desktop,SPb,visit
319,2025-01-14 07:00:00,desktop,SPb,visit
320,2025-01-14 08:00:00,mobile,SPb,paid
321,2025-01-14 09:00:00,mobile,SPb,cart
322,2025-01-14 10:00:00,mobile,Other,visit
323,2025-01-14 11:00:00,desktop,SPb,visit
324,2025-01-14 12:00:00,tablet,Other,cart
325,2025-01-14 13:00:00,mobile,SPb,paid
326,2025-01-14 14:00:00,mobile,SPb,cart
327,2025-01-14 15:00:00,mobile,Moscow,visit
328,2025-01-14 16:00:00,desktop,Moscow,visit
329,2025-01-14 17:00:00,desktop,Moscow,visit
330,2025-01-14 18:00:00,desktop,Moscow,visit
331,2025-01-14 19:00:00,mobile,Moscow,visit
332,2025-01-14 20:00:00,desktop,SPb,visit
333,2025-01-14 21:00:00,desktop,Other,visit
334,2025-01-14 22:00:00,desktop,Other,visit
335,2025-01-14 23:00:00,desktop,Moscow,visit
336,2025-01-15 00:00:00,mobile,SPb,visit
337,2025-01-15 01:00:00,mobile,Moscow,visit
338,2025-01-15 02:00:00,desktop,SPb,visit
339,2025-01-15 03:00:00,desktop,SPb,visit
340,2025-01-15 04:00:00,desktop,SPb,cart
341,2025-01-15 05:00:00,desktop,Moscow,visit
342,2025-01-15 06:00:00,desktop,Other,visit
343,2025-01-15 07:00:00,desktop,Moscow,visit
344,2025-01-15 08:00:00,desktop,Moscow,paid
345,2025-01-15 09:00:00,mobile,Moscow,visit
346,2025-01-15 10:00:00,mobile,SPb,visit
347,2025-01-15 11:00:00,desktop,SPb,visit
348,2025-01-15 12:00:00,desktop,Other,visit
349,2025-01-15 13:00:00,mobile,SPb,visit
350,2025-01-15 14:00:00,mobile,Other,visit
351,2025-01-15 15:00:00,mobile,Moscow,paid
352,2025-01-15 16:00:00,mobile,Moscow,visit
353,2025-01-15 17:00:00,desktop,Moscow,cart
354,2025-01-15 18:00:00,desktop,Moscow,cart
355,2025-01-15 19:00:00,mobile,Other,visit
356,2025-01-15 20:00:00,desktop,Other,paid
357,2025-01-15 21:00:00,mobile,Moscow,visit
358,2025-01-15 22:00:00,tablet,SPb,visit
359,2025-01-15 23:00:00,mobile,Moscow,visit
360,2025-01-16 00:00:00,desktop,Other,visit
361,2025-01-16 01:00:00,mobile,SPb,visit
362,2025-01-16 02:00:00,desktop,Moscow,visit
363,2025-01-16 03:00:00,mobile,Moscow,visit
364,2025-01-16 04:00:00,tablet,Moscow,visit
365,2025-01-16 05:00:00,desktop,SPb,visit
366,2025-01-16 06:00:00,tablet,Moscow,visit
367,2025-01-16 07:00:00,tablet,Other,visit
368,2025-01-16 08:00:00,desktop,SPb,visit
369,2025-01-16 09:00:00,desktop,SPb,cart
370,2025-01-16 10:00:00,desktop,Other,visit
371,2025-01-16 11:00:00,desktop,SPb,cart
372,2025-01-16 12:00:00,desktop,Other,visit
373,2025-01-16 13:00:00,mobile,Moscow,visit
374,2025-01-16 14:00:00,desktop,SPb,visit
375,2025-01-16 15:00:00,desktop,Other,visit
376,2025-01-16 16:00:00,mobile,Moscow,visit
377,2025-01-16 17:00:00,desktop,Moscow,cart
378,2025-01-16 18:00:00,mobile,SPb,visit
379,2025-01-16 19:00:00,desktop,Moscow,cart
380,2025-01-16 20:00:00,desktop,SPb,cart
381,2025-01-16 21:00:00,mobile,SPb,cart
382,2025-01-16 22:00:00,mobile,Other,paid
383,2025-01-16 23:00:00,mobile,SPb,visit
384,2025-01-17 00:00:00,mobile,Moscow,visit
385,2025-01-17 01:00:00,mobile,SPb,visit
386,2025-01-17 02:00:00,desktop,Moscow,visit
387,2025-01-17 03:00:00,desktop,SPb,visit
388,2025-01-17 04:00:00,mobile,Other,cart
389,2025-01-17 05:00:00,mobile,Moscow,visit
390,2025-01-17 06:00:00,tablet,SPb,visit
391,2025-01-17 07:00:00,desktop,SPb,visit
392,2025-01-17 08:00:00,desktop,SPb,visit
393,2025-01-17 09:00:00,mobile,Moscow,visit
394,2025-01-17 10:00:00,desktop,SPb,cart
395,2025-01-17 11:00:00,tablet,Other,visit
396,2025-01-17 12:00:00,mobile,Moscow,visit
397,2025-01-17 13:00:00,desktop,SPb,visit
398,2025-01-17 14:00:00,mobile,Moscow,visit
399,2025-01-17 15:00:00,mobile,Moscow,visit
400,2025-01-17 16:00:00,desktop,SPb,visit
401,2025-01-17 17:00:00,tablet,SPb,visit
402,2025-01-17 18:00:00,mobile,SPb,visit
403,2025-01-17 19:00:00,mobile,Moscow,visit
404,2025-01-17 20:00:00,desktop,Moscow,visit
405,2025-01-17 21:00:00,mobile,Moscow,visit
406,2025-01-17 22:00:00,desktop,Other,visit
407,2025-01-17 23:00:00,desktop,Other,visit
408,2025-01-18 00:00:00,tablet,Moscow,paid
409,2025-01-18 01:00:00,desktop,Other,visit
410,2025-01-18 02:00:00,desktop,SPb,visit
411,2025-01-18 03:00:00,tablet,SPb,visit
412,2025-01-18 04:00:00,tablet,SPb,visit
413,2025-01-18 05:00:00,mobile,SPb,visit
414,2025-01-18 06:00:00,mobile,Moscow,visit
415,2025-01-18 07:00:00,desktop,Other,paid
416,2025-01-18 08:00:00,desktop,SPb,visit
417,2025-01-18 09:00:00,desktop,SPb,visit
418,2025-01-18 10:00:00,mobile,Moscow,visit
419,2025-01-18 11:00:00,mobile,Other,visit
420,2025-01-18 12:00:00,mobile,SPb,visit
421,2025-01-18 13:00:00,mobile,Moscow,visit
422,2025-01-18 14:00:00,desktop,SPb,cart
423,2025-01-18 15:00:00,desktop,SPb,visit
424,2025-01-18 16:00:00,desktop,Other,visit
425,2025-01-18 17:00:00,mobile,Other,paid
426,2025-01-18 18:00:00,desktop,SPb,visit
427,2025-01-18 19:00:00,mobile,Other,paid
428,2025-01-18 20:00:00,desktop,Moscow,visit
429,2025-01-18 21:00:00,desktop,Other,cart
430,2025-01-18 22:00:00,desktop,Moscow,visit
431,2025-01-18 23:00:00,mobile,Moscow,cart
432,2025-01-19 00:00:00,mobile,Moscow,paid
433,2025-01-19 01:00:00,desktop,Moscow,visit
434,2025-01-19 02:00:00,desktop,SPb,paid
435,2025-01-19 03:00:00,mobile,SPb,visit
436,2025-01-19 04:00:00,desktop,SPb,visit
437,2025-01-19 05:00:00,mobile,Moscow,visit
438,2025-01-19 06:00:00,mobile,SPb,visit
439,2025-01-19 07:00:00,desktop,Moscow,visit
440,2025-01-19 08:00:00,desktop,Other,visit
441,2025-01-19 09:00:00,tablet,SPb,visit
442,2025-01-19 10:00:00,desktop,Moscow,cart
443,2025-01-19 11:00:00,desktop,Moscow,cart
444,2025-01-19 12:00:00,mobile,Other,visit
445,2025-01-19 13:00:00,tablet,SPb,visit
446,2025-01-19 14:00:00,tablet,Moscow,visit
447,2025-01-19 15:00:00,mobile,Other,visit
448,2025-01-19 16:00:00,desktop,Other,visit
449,2025-01-19 17:00:00,desktop,Moscow,visit
450,2025-01-19 18:00:00,mobile,Moscow,visit
451,2025-01-19 19:00:00,mobile,Moscow,paid
452,2025-01-19 20:00:00,desktop,Other,visit
453,2025-01-19 21:00:00,tablet,Moscow,visit
454,2025-01-19 22:00:00,desktop,SPb,visit
455,2025-01-19 23:00:00,desktop,Other,visit
456,2025-01-20 00:00:00,desktop,Moscow,visit
457,2025-01-20 01:00:00,desktop,Moscow,visit
458,2025-01-20 02:00:00,desktop,SPb,visit
459,2025-01-20 03:00:00,desktop,Moscow,visit
460,2025-01-20 04:00:00,desktop,SPb,paid
461,2025-01-20 05:00:00,mobile,Moscow,cart
462,2025-01-20 06:00:00,mobile,SPb,visit
463,2025-01-20 07:00:00,mobile,Moscow,visit
464,2025-01-20 08:00:00,tablet,Other,visit
465,2025-01-20 09:00:00,desktop,SPb,visit
466,2025-01-20 10:00:00,desktop,Other,visit
467,2025-01-20 11:00:00,mobile,Moscow,visit
468,2025-01-20 12:00:00,desktop,Other,visit
469,2025-01-20 13:00:00,tablet,Moscow,visit
470,2025-01-20 14:00:00,desktop,Moscow,visit
471,2025-01-20 15:00:00,tablet,Moscow,paid
472,2025-01-20 16:00:00,desktop,Other,paid
473,2025-01-20 17:00:00,mobile,Moscow,cart
474,2025-01-20 18:00:00,mobile,SPb,visit
475,2025-01-20 19:00:00,tablet,Moscow,cart
476,2025-01-20 20:00:00,desktop,Other,visit
477,2025-01-20 21:00:00,mobile,Moscow,cart
478,2025-01-20 22:00:00,tablet,Moscow,visit
479,2025-01-20 23:00:00,mobile,Moscow,cart
480,2025-01-21 00:00:00,mobile,Other,visit
481,2025-01-21 01:00:00,mobile,SPb,cart
482,2025-01-21 02:00:00,desktop,Moscow,paid
483,2025-01-21 03:00:00,mobile,SPb,visit
484,2025-01-21 04:00:00,mobile,SPb,visit
485,2025-01-21 05:00:00,tablet,SPb,paid
486,2025-01-21 06:00:00,desktop,SPb,visit
487,2025-01-21 07:00:00,desktop,Moscow,cart
488,2025-01-21 08:00:00,tablet,SPb,visit
489,2025-01-21 09:00:00,mobile,Moscow,visit
490,2025-01-21 10:00:00,desktop,SPb,visit
491,2025-01-21 11:00:00,mobile,SPb,visit
492,2025-01-21 12:00:00,desktop,SPb,cart
493,2025-01-21 13:00:00,desktop,SPb,visit
494,2025-01-21 14:00:00,desktop,Moscow,visit
495,2025-01-21 15:00:00,desktop,Moscow,visit
496,2025-01-21 16:00:00,mobile,Moscow,visit
497,2025-01-21 17:00:00,desktop,Moscow,cart
498,2025-01-21 18:00:00,tablet,SPb,paid
499,2025-01-21 19:00:00,tablet,Other,visit
500,2025-01-21 20:00:00,mobile,Moscow,cart
501,2025-01-21 21:00:00,mobile,Moscow,cart
502,2025-01-21 22:00:00,desktop,SPb,visit
503,2025-01-21 23:00:00,mobile,SPb,paid
504,2025-01-22 00:00:00,mobile,SPb,visit
505,2025-01-22 01:00:00,desktop,SPb,visit
506,2025-01-22 02:00:00,tablet,Moscow,cart
507,2025-01-22 03:00:00,mobile,Moscow,visit
508,2025-01-22 04:00:00,tablet,Moscow,cart
509,2025-01-22 05:00:00,mobile,Moscow,cart
510,2025-01-22 06:00:00,mobile,Other,visit
511,2025-01-22 07:00:00,desktop,Moscow,cart
512,2025-01-22 08:00:00,tablet,Other,visit
513,2025-01-22 09:00:00,mobile,SPb,visit
514,2025-01-22 10:00:00,desktop,SPb,visit
515,2025-01-22 11:00:00,desktop,SPb,paid
516,2025-01-22 12:00:00,desktop,Moscow,visit
517,2025-01-22 13:00:00,mobile,Other,visit
518,2025-01-22 14:00:00,tablet,SPb,visit
519,2025-01-22 15:00:00,desktop,Other,cart
520,2025-01-22 16:00:00,mobile,SPb,visit
521,2025-01-22 17:00:00,desktop,Other,visit
522,2025-01-22 18:00:00,tablet,SPb,visit
523,2025-01-22 19:00:00,mobile,SPb,visit
524,2025-01-22 20:00:00,mobile,Moscow,cart
525,2025-01-22 21:00:00,desktop,SPb,visit
526,2025-01-22 22:00:00,desktop,SPb,visit
527,2025-01-22 23:00:00,desktop,SPb,paid
528,2025-01-23 00:00:00,desktop,Other,visit
529,2025-01-23 01:00:00,mobile,Moscow,paid
530,2025-01-23 02:00:00,mobile,SPb,visit
531,2025-01-23 03:00:00,tablet,Moscow,cart
532,2025-01-23 04:00:00,tablet,Moscow,visit
533,2025-01-23 05:00:00,mobile,SPb,visit
534,2025-01-23 06:00:00,mobile,Moscow,cart
535,2025-01-23 07:00:00,tablet,SPb,cart
536,2025-01-23 08:00:00,mobile,SPb,cart
537,2025-01-23 09:00:00,desktop,Moscow,visit
538,2025-01-23 10:00:00,desktop,SPb,cart
539,2025-01-23 11:00:00,desktop,Moscow,cart
540,2025-01-23 12:00:00,tablet,Moscow,visit
541,2025-01-23 13:00:00,mobile,SPb,cart
542,2025-01-23 14:00:00,desktop,Moscow,cart
543,2025-01-23 15:00:00,mobile,SPb,visit
544,2025-01-23 16:00:00,mobile,Other,visit
545,2025-01-23 17:00:00,desktop,Moscow,visit
546,2025-01-23 18:00:00,desktop,Other,visit
547,2025-01-23 19:00:00,mobile,Moscow,visit
548,2025-01-23 20:00:00,mobile,SPb,visit
549,2025-01-23 21:00:00,mobile,Moscow,visit
550,2025-01-23 22:00:00,mobile,Other,visit
551,2025-01-23 23:00:00,mobile,Moscow,visit
552,2025-01-24 00:00:00,mobile,Other,cart
553,2025-01-24 01:00:00,mobile,Other,paid
554,2025-01-24 02:00:00,mobile,SPb,visit
555,2025-01-24 03:00:00,desktop,SPb,paid
556,2025-01-24 04:00:00,desktop,Moscow,visit
557,2025-01-24 05:00:00,desktop,Moscow,visit
558,2025-01-24 06:00:00,mobile,Other,visit
559,2025-01-24 07:00:00,mobile,Other,visit
560,2025-01-24 08:00:00,mobile,SPb,cart
561,2025-01-24 09:00:00,desktop,SPb,cart
562,2025-01-24 10:00:00,desktop,Moscow,visit
563,2025-01-24 11:00:00,desktop,SPb,visit
564,2025-01-24 12:00:00,desktop,Other,visit
565,2025-01-24 13:00:00,mobile,Moscow,visit
566,2025-01-24 14:00:00,desktop,Moscow,visit
567,2025-01-24 15:00:00,desktop,SPb,visit
568,2025-01-24 16:00:00,tablet,Moscow,cart
569,2025-01-24 17:00:00,desktop,Moscow,paid
570,2025-01-24 18:00:00,mobile,Moscow,visit
571,2025-01-24 19:00:00,mobile,SPb,paid
572,2025-01-24 20:00:00,desktop,Moscow,visit
573,2025-01-24 21:00:00,mobile,Other,visit
574,2025-01-24 22:00:00,mobile,SPb,visit
575,2025-01-24 23:00:00,tablet,SPb,visit
576,2025-01-25 00:00:00,desktop,SPb,paid
577,2025-01-25 01:00:00,tablet,Moscow,visit
578,2025-01-25 02:00:00,desktop,Moscow,visit
579,2025-01-25 03:00:00,desktop,Moscow,visit
580,2025-01-25 04:00:00,desktop,SPb,visit
581,2025-01-25 05:00:00,tablet,SPb,cart
582,2025-01-25 06:00:00,desktop,Moscow,visit
583,2025-01-25 07:00:00,desktop,Moscow,visit
584,2025-01-25 08:00:00,mobile,Other,visit
585,2025-01-25 09:00:00,desktop,SPb,visit
586,2025-01-25 10:00:00,desktop,Moscow,visit
587,2025-01-25 11:00:00,desktop,Moscow,visit
588,2025-01-25 12:00:00,desktop,Moscow,visit
589,2025-01-25 13:00:00,desktop,Moscow,cart
590,2025-01-25 14:00:00,desktop,Moscow,cart
591,2025-01-25 15:00:00,mobile,Other,cart
592,2025-01-25 16:00:00,desktop,SPb,visit
593,2025-01-25 17:00:00,desktop,SPb,visit
594,2025-01-25 18:00:00,mobile,Moscow,visit
595,2025-01-25 19:00:00,desktop,Moscow,cart
596,2025-01-25 20:00:00,mobile,SPb,visit
597,2025-01-25 21:00:00,desktop,SPb,visit
598,2025-01-25 22:00:00,desktop,SPb,visit
599,2025-01-25 23:00:00,desktop,Other,visit
600,2025-01-26 00:00:00,desktop,SPb,visit
601,2025-01-26 01:00:00,desktop,SPb,visit
602,2025-01-26 02:00:00,desktop,SPb,cart
603,2025-01-26 03:00:00,desktop,SPb,visit
604,2025-01-26 04:00:00,desktop,SPb,visit
605,2025-01-26 05:00:00,desktop,Moscow,visit
606,2025-01-26 06:00:00,desktop,SPb,visit
607,2025-01-26 07:00:00,desktop,Other,visit
608,2025-01-26 08:00:00,mobile,SPb,cart
609,2025-01-26 09:00:00,mobile,Moscow,visit
610,2025-01-26 10:00:00,desktop,Other,cart
611,2025-01-26 11:00:00,mobile,Moscow,visit
612,2025-01-26 12:00:00,mobile,Moscow,visit
613,2025-01-26 13:00:00,desktop,SPb,cart
614,2025-01-26 14:00:00,mobile,SPb,visit
615,2025-01-26 15:00:00,tablet,Moscow,visit
616,2025-01-26 16:00:00,desktop,Other,visit
617,2025-01-26 17:00:00,desktop,Moscow,visit
618,2025-01-26 18:00:00,mobile,Moscow,cart
619,2025-01-26 19:00:00,mobile,Moscow,visit
620,2025-01-26 20:00:00,desktop,Moscow,cart
621,2025-01-26 21:00:00,desktop,SPb,cart
622,2025-01-26 22:00:00,desktop,Moscow,visit
623,2025-01-26 23:00:00,desktop,Other,paid
624,2025-01-27 00:00:00,mobile,SPb,visit
625,2025-01-27 01:00:00,desktop,Moscow,paid
626,2025-01-27 02:00:00,desktop,SPb,visit
627,2025-01-27 03:00:00,mobile,Moscow,visit
628,2025-01-27 04:00:00,desktop,SPb,visit
629,2025-01-27 05:00:00,desktop,Moscow,visit
630,2025-01-27 06:00:00,mobile,Moscow,visit
631,2025-01-27 07:00:00,mobile,SPb,cart
632,2025-01-27 08:00:00,mobile,Moscow,visit
633,2025-01-27 09:00:00,mobile,Moscow,visit
634,2025-01-27 10:00:00,desktop,Other,cart
635,2025-01-27 11:00:00,desktop,SPb,visit
636,2025-01-27 12:00:00,mobile,SPb,paid
637,2025-01-27 13:00:00,desktop,SPb,cart
638,2025-01-27 14:00:00,desktop,Other,paid
639,2025-01-27 15:00:00,desktop,Other,cart
640,2025-01-27 16:00:00,desktop,Moscow,visit
641,2025-01-27 17:00:00,desktop,Other,visit
642,2025-01-27 18:00:00,desktop,Moscow,cart
643,2025-01-27 19:00:00,desktop,Moscow,visit
644,2025-01-27 20:00:00,desktop,SPb,visit
645,2025-01-27 21:00:00,mobile,Moscow,visit
646,2025-01-27 22:00:00,mobile,SPb,paid
647,2025-01-27 23:00:00,mobile,Other,visit
648,2025-01-28 00:00:00,mobile,Moscow,visit
649,2025-01-28 01:00:00,desktop,Moscow,visit
650,2025-01-28 02:00:00,desktop,SPb,visit
651,2025-01-28 03:00:00,mobile,SPb,visit
652,2025-01-28 04:00:00,mobile,SPb,visit
653,2025-01-28 05:00:00,mobile,SPb,visit
654,2025-01-28 06:00:00,desktop,SPb,cart
655,2025-01-28 07:00:00,desktop,Other,visit
656,2025-01-28 08:00:00,desktop,Moscow,cart
657,2025-01-28 09:00:00,desktop,SPb,cart
658,2025-01-28 10:00:00,mobile,SPb,visit
659,2025-01-28 11:00:00,mobile,Moscow,visit
660,2025-01-28 12:00:00,desktop,Moscow,visit
661,2025-01-28 13:00:00,tablet,Moscow,cart
662,2025-01-28 14:00:00,mobile,Other,visit
663,2025-01-28 15:00:00,desktop,Moscow,visit
664,2025-01-28 16:00:00,desktop,Other,visit
665,2025-01-28 17:00:00,desktop,Other,visit
666,2025-01-28 18:00:00,desktop,SPb,visit
667,2025-01-28 19:00:00,desktop,Other,visit
668,2025-01-28 20:00:00,desktop,SPb,cart
669,2025-01-28 21:00:00,desktop,Other,visit
670,2025-01-28 22:00:00,desktop,SPb,visit
671,2025-01-28 23:00:00,mobile,Other,visit
672,2025-01-29 00:00:00,desktop,Other,cart
673,2025-01-29 01:00:00,mobile,Other,visit
674,2025-01-29 02:00:00,desktop,Moscow,cart
675,2025-01-29 03:00:00,tablet,SPb,visit
676,2025-01-29 04:00:00,desktop,SPb,visit
677,2025-01-29 05:00:00,desktop,Moscow,visit
678,2025-01-29 06:00:00,tablet,SPb,visit
679,2025-01-29 07:00:00,mobile,Moscow,visit
680,2025-01-29 08:00:00,mobile,SPb,visit
681,2025-01-29 09:00:00,desktop,Other,cart
682,2025-01-29 10:00:00,desktop,Moscow,visit
683,2025-01-29 11:00:00,mobile,Other,visit
684,2025-01-29 12:00:00,tablet,SPb,visit
685,2025-01-29 13:00:00,mobile,Other,visit
686,2025-01-29 14:00:00,mobile,Other,visit
687,2025-01-29 15:00:00,desktop,Moscow,visit
688,2025-01-29 16:00:00,mobile,Moscow,visit
689,2025-01-29 17:00:00,desktop,Moscow,visit
690,2025-01-29 18:00:00,desktop,SPb,visit
691,2025-01-29 19:00:00,desktop,Moscow,visit
692,2025-01-29 20:00:00,mobile,SPb,visit
693,2025-01-29 21:00:00,desktop,SPb,visit
694,2025-01-29 22:00:00,desktop,SPb,paid
695,2025-01-29 23:00:00,mobile,SPb,visit
696,2025-01-30 00:00:00,desktop,SPb,visit
697,2025-01-30 01:00:00,mobile,SPb,visit
698,2025-01-30 02:00:00,desktop,Other,cart
699,2025-01-30 03:00:00,desktop,Moscow,cart
700,2025-01-30 04:00:00,mobile,Other,visit
701,2025-01-30 05:00:00,desktop,Moscow,paid
702,2025-01-30 06:00:00,desktop,SPb,visit
703,2025-01-30 07:00:00,desktop,Moscow,visit
704,2025-01-30 08:00:00,desktop,Moscow,cart
705,2025-01-30 09:00:00,tablet,SPb,cart
706,2025-01-30 10:00:00,desktop,Moscow,visit
707,2025-01-30 11:00:00,mobile,SPb,visit
708,2025-01-30 12:00:00,desktop,Moscow,visit
709,2025-01-30 13:00:00,mobile,Moscow,visit
710,2025-01-30 14:00:00,mobile,SPb,cart
711,2025-01-30 15:00:00,mobile,SPb,visit
712,2025-01-30 16:00:00,desktop,Moscow,visit
713,2025-01-30 17:00:00,desktop,Moscow,visit
714,2025-01-30 18:00:00,desktop,SPb,visit
715,2025-01-30 19:00:00,tablet,Other,visit
716,2025-01-30 20:00:00,mobile,SPb,visit
717,2025-01-30 21:00:00,tablet,Moscow,paid
718,2025-01-30 22:00:00,desktop,Other,cart
719,2025-01-30 23:00:00,mobile,SPb,visit
720,2025-01-31 00:00:00,tablet,SPb,cart
721,2025-01-31 01:00:00,desktop,SPb,cart
722,2025-01-31 02:00:00,desktop,SPb,cart
723,2025-01-31 03:00:00,mobile,SPb,visit
724,2025-01-31 04:00:00,mobile,Moscow,visit
725,2025-01-31 05:00:00,mobile,SPb,visit
726,2025-01-31 06:00:00,desktop,Moscow,visit
727,2025-01-31 07:00:00,mobile,Other,visit
728,2025-01-31 08:00:00,desktop,Other,visit
729,2025-01-31 09:00:00,desktop,Moscow,visit
730,2025-01-31 10:00:00,desktop,SPb,cart
731,2025-01-31 11:00:00,mobile,Moscow,visit
732,2025-01-31 12:00:00,mobile,Moscow,visit
733,2025-01-31 13:00:00,mobile,Moscow,paid
734,2025-01-31 14:00:00,desktop,SPb,paid
735,2025-01-31 15:00:00,mobile,Other,cart
736,2025-01-31 16:00:00,desktop,Moscow,paid
737,2025-01-31 17:00:00,mobile,SPb,visit
738,2025-01-31 18:00:00,desktop,SPb,paid
739,2025-01-31 19:00:00,desktop,Moscow,visit
740,2025-01-31 20:00:00,desktop,Other,visit
741,2025-01-31 21:00:00,desktop,Moscow,visit
742,2025-01-31 22:00:00,mobile,Moscow,visit
743,2025-01-31 23:00:00,mobile,SPb,visit
744,2025-02-01 00:00:00,desktop,Moscow,visit
745,2025-02-01 01:00:00,mobile,Moscow,cart
746,2025-02-01 02:00:00,desktop,SPb,visit
747,2025-02-01 03:00:00,mobile,SPb,visit
748,2025-02-01 04:00:00,tablet,Moscow,cart
749,2025-02-01 05:00:00,mobile,SPb,visit
750,2025-02-01 06:00:00,desktop,Moscow,visit
751,2025-02-01 07:00:00,tablet,SPb,visit
752,2025-02-01 08:00:00,mobile,SPb,visit
753,2025-02-01 09:00:00,desktop,SPb,visit
754,2025-02-01 10:00:00,desktop,Other,paid
755,2025-02-01 11:00:00,mobile,Other,visit
756,2025-02-01 12:00:00,mobile,Other,visit
757,2025-02-01 13:00:00,mobile,Moscow,cart
758,2025-02-01 14:00:00,mobile,SPb,cart
759,2025-02-01 15:00:00,mobile,Moscow,visit
760,2025-02-01 16:00:00,desktop,Moscow,visit
761,2025-02-01 17:00:00,desktop,Other,visit
762,2025-02-01 18:00:00,desktop,SPb,visit
763,2025-02-01 19:00:00,mobile,Moscow,visit
764,2025-02-01 20:00:00,desktop,SPb,visit
765,2025-02-01 21:00:00,mobile,SPb,paid
766,2025-02-01 22:00:00,mobile,Moscow,visit
767,2025-02-01 23:00:00,mobile,Moscow,visit
768,2025-02-02 00:00:00,desktop,SPb,visit
769,2025-02-02 01:00:00,mobile,SPb,visit
770,2025-02-02 02:00:00,desktop,Moscow,visit
771,2025-02-02 03:00:00,mobile,Moscow,visit
772,2025-02-02 04:00:00,desktop,Other,cart
773,2025-02-02 05:00:00,desktop,Other,visit
774,2025-02-02 06:00:00,mobile,Moscow,visit
775,2025-02-02 07:00:00,desktop,SPb,visit
776,2025-02-02 08:00:00,desktop,Moscow,visit
777,2025-02-02 09:00:00,mobile,Moscow,visit
778,2025-02-02 10:00:00,mobile,SPb,visit
779,2025-02-02 11:00:00,mobile,Other,visit
780,2025-02-02 12:00:00,mobile,SPb,visit
781,2025-02-02 13:00:00,mobile,Other,cart
782,2025-02-02 14:00:00,desktop,Moscow,paid
783,2025-02-02 15:00:00,desktop,Moscow,cart
784,2025-02-02 16:00:00,desktop,Moscow,cart
785,2025-02-02 17:00:00,tablet,Other,visit
786,2025-02-02 18:00:00,mobile,Moscow,paid
787,2025-02-02 19:00:00,desktop,Moscow,visit
788,2025-02-02 20:00:00,desktop,SPb,paid
789,2025-02-02 21:00:00,tablet,Moscow,paid
790,2025-02-02 22:00:00,desktop,SPb,cart
791,2025-02-02 23:00:00,mobile,Moscow,paid
792,2025-02-03 00:00:00,mobile,Moscow,visit
793,2025-02-03 01:00:00,mobile,Moscow,visit
794,2025-02-03 02:00:00,desktop,SPb,visit
795,2025-02-03 03:00:00,mobile,SPb,visit
796,2025-02-03 04:00:00,tablet,Moscow,visit
797,2025-02-03 05:00:00,mobile,SPb,visit
798,2025-02-03 06:00:00,mobile,SPb,paid
799,2025-02-03 07:00:00,tablet,SPb,visit
800,2025-02-03 08:00:00,mobile,Other,cart
801,2025-02-03 09:00:00,desktop,Moscow,paid
802,2025-02-03 10:00:00,mobile,SPb,paid
803,2025-02-03 11:00:00,mobile,SPb,paid
804,2025-02-03 12:00:00,desktop,SPb,visit
805,2025-02-03 13:00:00,mobile,Moscow,paid
806,2025-02-03 14:00:00,tablet,Moscow,cart
807,2025-02-03 15:00:00,tablet,SPb,visit
808,2025-02-03 16:00:00,desktop,SPb,visit
809,2025-02-03 17:00:00,desktop,SPb,cart
810,2025-02-03 18:00:00,tablet,Moscow,visit
811,2025-02-03 19:00:00,mobile,Moscow,visit
812,2025-02-03 20:00:00,desktop,SPb,visit
813,2025-02-03 21:00:00,tablet,SPb,visit
814,2025-02-03 22:00:00,mobile,SPb,visit
815,2025-02-03 23:00:00,mobile,Other,cart
816,2025-02-04 00:00:00,mobile,SPb,visit
817,2025-02-04 01:00:00,desktop,Moscow,visit
818,2025-02-04 02:00:00,desktop,Moscow,visit
819,2025-02-04 03:00:00,desktop,SPb,visit
820,2025-02-04 04:00:00,mobile,SPb,paid
821,2025-02-04 05:00:00,desktop,SPb,visit
822,2025-02-04 06:00:00,desktop,Moscow,visit
823,2025-02-04 07:00:00,desktop,Moscow,visit
824,2025-02-04 08:00:00,mobile,Moscow,visit
825,2025-02-04 09:00:00,tablet,Moscow,cart
826,2025-02-04 10:00:00,desktop,SPb,cart
827,2025-02-04 11:00:00,desktop,Other,visit
828,2025-02-04 12:00:00,mobile,Moscow,visit
829,2025-02-04 13:00:00,desktop,SPb,visit
830,2025-02-04 14:00:00,desktop,Other,visit
831,2025-02-04 15:00:00,desktop,Moscow,visit
832,2025-02-04 16:00:00,desktop,Moscow,visit
833,2025-02-04 17:00:00,desktop,Moscow,visit
834,2025-02-04 18:00:00,desktop,Other,visit
835,2025-02-04 19:00:00,desktop,Moscow,paid
836,2025-02-04 20:00:00,tablet,SPb,paid
837,2025-02-04 21:00:00,desktop,SPb,visit
838,2025-02-04 22:00:00,mobile,Other,cart
839,2025-02-04 23:00:00,mobile,SPb,visit
840,2025-02-05 00:00:00,desktop,SPb,visit
841,2025-02-05 01:00:00,mobile,Moscow,cart
842,2025-02-05 02:00:00,desktop,Moscow,paid
843,2025-02-05 03:00:00,tablet,Moscow,paid
844,2025-02-05 04:00:00,desktop,Other,visit
845,2025-02-05 05:00:00,desktop,SPb,visit
846,2025-02-05 06:00:00,desktop,SPb,cart
847,2025-02-05 07:00:00,tablet,SPb,visit
848,2025-02-05 08:00:00,mobile,Other,visit
849,2025-02-05 09:00:00,mobile,Moscow,visit
850,2025-02-05 10:00:00,desktop,SPb,visit
851,2025-02-05 11:00:00,mobile,Other,visit
852,2025-02-05 12:00:00,desktop,Other,visit
853,2025-02-05 13:00:00,mobile,Other,paid
854,2025-02-05 14:00:00,desktop,Other,visit
855,2025-02-05 15:00:00,desktop,SPb,visit
856,2025-02-05 16:00:00,desktop,Moscow,visit
857,2025-02-05 17:00:00,desktop,Moscow,visit
858,2025-02-05 18:00:00,mobile,Other,visit
859,2025-02-05 19:00:00,desktop,Moscow,visit
860,2025-02-05 20:00:00,mobile,Moscow,cart
861,2025-02-05 21:00:00,desktop,Moscow,visit
862,2025-02-05 22:00:00,mobile,SPb,paid
863,2025-02-05 23:00:00,desktop,Moscow,visit
864,2025-02-06 00:00:00,desktop,Other,visit
865,2025-02-06 01:00:00,mobile,Other,visit
866,2025-02-06 02:00:00,desktop,SPb,visit
867,2025-02-06 03:00:00,desktop,SPb,cart
868,2025-02-06 04:00:00,mobile,SPb,visit
869,2025-02-06 05:00:00,tablet,Moscow,visit
870,2025-02-06 06:00:00,desktop,Other,cart
871,2025-02-06 07:00:00,desktop,SPb,paid
872,2025-02-06 08:00:00,mobile,Moscow,cart
873,2025-02-06 09:00:00,desktop,Other,visit
874,2025-02-06 10:00:00,desktop,Moscow,cart
875,2025-02-06 11:00:00,desktop,Moscow,visit
876,2025-02-06 12:00:00,mobile,Moscow,visit
877,2025-02-06 13:00:00,mobile,Moscow,visit
878,2025-02-06 14:00:00,desktop,SPb,visit
879,2025-02-06 15:00:00,desktop,Moscow,visit
880,2025-02-06 16:00:00,desktop,Moscow,visit
881,2025-02-06 17:00:00,mobile,Other,cart
882,2025-02-06 18:00:00,desktop,Moscow,visit
883,2025-02-06 19:00:00,desktop,Moscow,visit
884,2025-02-06 20:00:00,mobile,SPb,visit
885,2025-02-06 21:00:00,desktop,Moscow,paid
886,2025-02-06 22:00:00,mobile,SPb,visit
887,2025-02-06 23:00:00,desktop,SPb,visit
888,2025-02-07 00:00:00,desktop,Moscow,cart
889,2025-02-07 01:00:00,desktop,Other,cart
890,2025-02-07 02:00:00,mobile,SPb,visit
891,2025-02-07 03:00:00,mobile,Moscow,visit
892,2025-02-07 04:00:00,mobile,Other,cart
893,2025-02-07 05:00:00,desktop,SPb,visit
894,2025-02-07 06:00:00,mobile,Moscow,visit
895,2025-02-07 07:00:00,desktop,Moscow,cart
896,2025-02-07 08:00:00,desktop,Moscow,visit
897,2025-02-07 09:00:00,mobile,SPb,visit
898,2025-02-07 10:00:00,desktop,SPb,visit
899,2025-02-07 11:00:00,desktop,Moscow,visit
900,2025-02-07 12:00:00,desktop,Moscow,visit
901,2025-02-07 13:00:00,desktop,SPb,cart
902,2025-02-07 14:00:00,desktop,Moscow,visit
903,2025-02-07 15:00:00,mobile,SPb,visit
904,2025-02-07 16:00:00,desktop,Moscow,visit
905,2025-02-07 17:00:00,mobile,SPb,visit
906,2025-02-07 18:00:00,mobile,Other,paid
907,2025-02-07 19:00:00,desktop,SPb,visit
908,2025-02-07 20:00:00,desktop,SPb,visit
909,2025-02-07 21:00:00,desktop,SPb,visit
910,2025-02-07 22:00:00,mobile,SPb,visit
911,2025-02-07 23:00:00,desktop,Other,visit
912,2025-02-08 00:00:00,mobile,Other,cart
913,2025-02-08 01:00:00,desktop,SPb,paid
914,2025-02-08 02:00:00,mobile,Moscow,visit
915,2025-02-08 03:00:00,desktop,Moscow,visit
916,2025-02-08 04:00:00,desktop,Other,cart
917,2025-02-08 05:00:00,tablet,Moscow,cart
918,2025-02-08 06:00:00,mobile,SPb,visit
919,2025-02-08 07:00:00,desktop,Moscow,visit
920,2025-02-08 08:00:00,mobile,Moscow,visit
921,2025-02-08 09:00:00,desktop,SPb,cart
922,2025-02-08 10:00:00,mobile,Moscow,cart
923,2025-02-08 11:00:00,mobile,SPb,visit
924,2025-02-08 12:00:00,desktop,Moscow,visit
925,2025-02-08 13:00:00,desktop,SPb,paid
926,2025-02-08 14:00:00,desktop,Moscow,cart
927,2025-02-08 15:00:00,mobile,Moscow,paid
928,2025-02-08 16:00:00,mobile,Moscow,cart
929,2025-02-08 17:00:00,desktop,SPb,visit
930,2025-02-08 18:00:00,desktop,Moscow,visit
931,2025-02-08 19:00:00,mobile,Moscow,visit
932,2025-02-08 20:00:00,tablet,Moscow,visit
933,2025-02-08 21:00:00,mobile,Moscow,visit
934,2025-02-08 22:00:00,desktop,Moscow,cart
935,2025-02-08 23:00:00,desktop,Other,visit
936,2025-02-09 00:00:00,desktop,SPb,cart
937,2025-02-09 01:00:00,tablet,Other,visit
938,2025-02-09 02:00:00,desktop,Moscow,paid
939,2025-02-09 03:00:00,mobile,SPb,visit
940,2025-02-09 04:00:00,desktop,SPb,visit
941,2025-02-09 05:00:00,mobile,SPb,visit
942,2025-02-09 06:00:00,mobile,Moscow,visit
943,2025-02-09 07:00:00,mobile,Moscow,cart
944,2025-02-09 08:00:00,desktop,Moscow,cart
945,2025-02-09 09:00:00,desktop,Moscow,visit
946,2025-02-09 10:00:00,desktop,Moscow,visit
947,2025-02-09 11:00:00,tablet,SPb,visit
948,2025-02-09 12:00:00,mobile,SPb,visit
949,2025-02-09 13:00:00,mobile,Moscow,paid
950,2025-02-09 14:00:00,mobile,SPb,cart
951,2025-02-09 15:00:00,mobile,SPb,visit
952,2025-02-09 16:00:00,desktop,Moscow,cart
953,2025-02-09 17:00:00,tablet,Moscow,visit
954,2025-02-09 18:00:00,desktop,Other,paid
955,2025-02-09 19:00:00,desktop,Other,visit
956,2025-02-09 20:00:00,mobile,Moscow,cart
957,2025-02-09 21:00:00,desktop,Moscow,cart
958,2025-02-09 22:00:00,desktop,Moscow,visit
959,2025-02-09 23:00:00,mobile,Moscow,cart
960,2025-02-10 00:00:00,desktop,SPb,visit
961,2025-02-10 01:00:00,mobile,Moscow,visit
962,2025-02-10 02:00:00,desktop,Other,visit
963,2025-02-10 03:00:00,desktop,SPb,paid
964,2025-02-10 04:00:00,desktop,Moscow,cart
965,2025-02-10 05:00:00,desktop,Moscow,cart
966,2025-02-10 06:00:00,mobile,SPb,cart
967,2025-02-10 07:00:00,desktop,SPb,visit
968,2025-02-10 08:00:00,mobile,SPb,paid
969,2025-02-10 09:00:00,desktop,SPb,visit
970,2025-02-10 10:00:00,mobile,SPb,visit
971,2025-02-10 11:00:00,tablet,Other,visit
972,2025-02-10 12:00:00,mobile,SPb,cart
973,2025-02-10 13:00:00,desktop,Moscow,cart
974,2025-02-10 14:00:00,desktop,SPb,visit
975,2025-02-10 15:00:00,desktop,Other,visit
976,2025-02-10 16:00:00,mobile,SPb,cart
977,2025-02-10 17:00:00,desktop,Moscow,visit
978,2025-02-10 18:00:00,desktop,Other,cart
979,2025-02-10 19:00:00,mobile,Other,paid
980,2025-02-10 20:00:00,desktop,SPb,visit
981,2025-02-10 21:00:00,mobile,Other,visit
982,2025-02-10 22:00:00,desktop,Moscow,cart
983,2025-02-10 23:00:00,desktop,Moscow,cart
984,2025-02-11 00:00:00,mobile,SPb,visit
985,2025-02-11 01:00:00,desktop,SPb,paid
986,2025-02-11 02:00:00,mobile,Moscow,visit
987,2025-02-11 03:00:00,desktop,Moscow,visit
988,2025-02-11 04:00:00,desktop,Moscow,cart
989,2025-02-11 05:00:00,mobile,Moscow,cart
990,2025-02-11 06:00:00,mobile,Moscow,visit
991,2025-02-11 07:00:00,mobile,SPb,cart
992,2025-02-11 08:00:00,desktop,Moscow,visit
993,2025-02-11 09:00:00,mobile,SPb,visit
994,2025-02-11 10:00:00,desktop,Moscow,visit
995,2025-02-11 11:00:00,desktop,Moscow,cart
996,2025-02-11 12:00:00,tablet,Other,visit
997,2025-02-11 13:00:00,desktop,SPb,visit
998,2025-02-11 14:00:00,tablet,SPb,visit
999,2025-02-11 15:00:00,desktop,SPb,cart
